meeting_date,decision,change_bp,target_rate_or_range,cumulative_change_since_2003
2026-07-29,Hold,0,3.50-3.75,-25
2026-06-17,Hold,0,3.50-3.75,-25
2026-04-29,Hold,0,3.50-3.75,-25
2026-03-18,Hold,0,3.50-3.75,-25
2026-01-28,Hold,0,3.50-3.75,-25
2025-12-10,Cut,-25,3.50-3.75,-25
2025-10-29,Cut,-25,3.75-4.00,-50
2025-09-17,Cut,-25,4.00-4.25,-75
2025-07-30,Hold,0,4.25-4.50,-75
2025-06-18,Hold,0,4.25-4.50,-75
2025-05-07,Hold,0,4.25-4.50,-75
2025-03-19,Hold,0,4.25-4.50,-75
2025-01-29,Hold,0,4.25-4.50,-75
2024-12-18,Cut,-25,4.25-4.50,-100
2024-11-07,Cut,-25,4.50-4.75,-125
2024-09-18,Cut,-50,4.75-5.00,-175
2024-07-31,Hold,0,5.25-5.50,-175
2024-06-12,Hold,0,5.25-5.50,-175
2024-05-01,Hold,0,5.25-5.50,-175
2024-03-20,Hold,0,5.25-5.50,-175
2024-01-31,Hold,0,5.25-5.50,-175
2023-12-13,Hold,0,5.25-5.50,-175
2023-11-01,Hold,0,5.25-5.50,-175
2023-09-20,Hold,0,5.25-5.50,-175
2023-07-26,Hike,25,5.25-5.50,-150
2023-06-14,Hold,0,5.00-5.25,-150
2023-05-03,Hike,25,5.00-5.25,-125
2023-03-22,Hike,25,4.75-5.00,-100
2023-02-01,Hike,25,4.50-4.75,-75
2022-12-14,Hike,50,4.25-4.50,-25
2022-11-02,Hike,75,3.75-4.00,50
2022-09-21,Hike,75,3.00-3.25,125
2022-07-27,Hike,75,2.25-2.50,200
2022-06-15,Hike,75,1.50-1.75,275
2022-05-04,Hike,50,0.75-1.00,325
2022-03-16,Hike,25,0.25-0.50,350
2022-01-26,Hold,0,0.00-0.25,350
2021-12-15,Hold,0,0.00-0.25,350
2021-11-03,Hold,0,0.00-0.25,350
2021-09-22,Hold,0,0.00-0.25,350
2021-07-28,Hold,0,0.00-0.25,350
2021-06-16,Hold,0,0.00-0.25,350
2021-04-28,Hold,0,0.00-0.25,350
2021-03-17,Hold,0,0.00-0.25,350
2021-01-27,Hold,0,0.00-0.25,350
2020-12-16,Hold,0,0.00-0.25,350
2020-11-05,Hold,0,0.00-0.25,350
2020-09-16,Hold,0,0.00-0.25,350
2020-07-29,Hold,0,0.00-0.25,350
2020-06-10,Hold,0,0.00-0.25,350
2020-04-29,Hold,0,0.00-0.25,350
2020-03-15,Cut,-100,0.00-0.25,250
2020-03-03,Cut,-50,1.00-1.25,200
2020-01-29,Hold,0,1.50-1.75,200
2019-12-11,Hold,0,1.50-1.75,200
2019-10-30,Cut,-25,1.50-1.75,175
2019-09-18,Cut,-25,1.75-2.00,150
2019-07-31,Cut,-25,2.00-2.25,125
2019-06-19,Hold,0,2.25-2.50,125
2019-05-01,Hold,0,2.25-2.50,125
2019-03-20,Hold,0,2.25-2.50,125
2019-01-30,Hold,0,2.25-2.50,125
2018-12-19,Hike,25,2.25-2.50,150
2018-11-08,Hold,0,2.00-2.25,150
2018-09-26,Hike,25,2.00-2.25,175
2018-08-01,Hold,0,1.75-2.00,175
2018-06-13,Hike,25,1.75-2.00,200
2018-05-02,Hold,0,1.50-1.75,200
2018-03-21,Hike,25,1.50-1.75,225
2018-01-31,Hold,0,1.25-1.50,225
2017-12-13,Hike,25,1.25-1.50,250
2017-11-01,Hold,0,1.00-1.25,250
2017-09-20,Hold,0,1.00-1.25,250
2017-07-26,Hold,0,1.00-1.25,250
2017-06-14,Hike,25,1.00-1.25,275
2017-05-03,Hold,0,0.75-1.00,275
2017-03-15,Hike,25,0.75-1.00,300
2017-02-01,Hold,0,0.50-0.75,300
2016-12-14,Hike,25,0.50-0.75,325
2016-11-02,Hold,0,0.25-0.50,325
2016-09-21,Hold,0,0.25-0.50,325
2016-07-27,Hold,0,0.25-0.50,325
2016-06-15,Hold,0,0.25-0.50,325
2016-04-27,Hold,0,0.25-0.50,325
2016-03-16,Hold,0,0.25-0.50,325
2016-01-27,Hold,0,0.25-0.50,325
2015-12-16,Hike,25,0.25-0.50,350
2015-10-28,Hold,0,0.00-0.25,350
2015-09-17,Hold,0,0.00-0.25,350
2015-07-29,Hold,0,0.00-0.25,350
2015-06-17,Hold,0,0.00-0.25,350
2015-04-29,Hold,0,0.00-0.25,350
2015-03-18,Hold,0,0.00-0.25,350
2015-01-28,Hold,0,0.00-0.25,350
2014-12-17,Hold,0,0.00-0.25,350
2014-10-29,Hold,0,0.00-0.25,350
2014-09-17,Hold,0,0.00-0.25,350
2014-07-30,Hold,0,0.00-0.25,350
2014-06-18,Hold,0,0.00-0.25,350
2014-04-30,Hold,0,0.00-0.25,350
2014-03-19,Hold,0,0.00-0.25,350
2014-01-29,Hold,0,0.00-0.25,350
2013-12-18,Hold,0,0.00-0.25,350
2013-10-30,Hold,0,0.00-0.25,350
2013-09-18,Hold,0,0.00-0.25,350
2013-07-31,Hold,0,0.00-0.25,350
2013-06-19,Hold,0,0.00-0.25,350
2013-05-01,Hold,0,0.00-0.25,350
2013-03-20,Hold,0,0.00-0.25,350
2013-01-30,Hold,0,0.00-0.25,350
2012-12-12,Hold,0,0.00-0.25,350
2012-10-24,Hold,0,0.00-0.25,350
2012-09-13,Hold,0,0.00-0.25,350
2012-08-01,Hold,0,0.00-0.25,350
2012-06-20,Hold,0,0.00-0.25,350
2012-04-25,Hold,0,0.00-0.25,350
2012-03-13,Hold,0,0.00-0.25,350
2012-01-25,Hold,0,0.00-0.25,350
2011-12-13,Hold,0,0.00-0.25,350
2011-11-02,Hold,0,0.00-0.25,350
2011-09-21,Hold,0,0.00-0.25,350
2011-08-09,Hold,0,0.00-0.25,350
2011-06-22,Hold,0,0.00-0.25,350
2011-04-27,Hold,0,0.00-0.25,350
2011-03-15,Hold,0,0.00-0.25,350
2011-01-26,Hold,0,0.00-0.25,350
2010-12-14,Hold,0,0.00-0.25,350
2010-11-03,Hold,0,0.00-0.25,350
2010-09-21,Hold,0,0.00-0.25,350
2010-08-10,Hold,0,0.00-0.25,350
2010-06-23,Hold,0,0.00-0.25,350
2010-04-28,Hold,0,0.00-0.25,350
2010-03-16,Hold,0,0.00-0.25,350
2010-01-27,Hold,0,0.00-0.25,350
2009-12-16,Hold,0,0.00-0.25,350
2009-11-04,Hold,0,0.00-0.25,350
2009-09-23,Hold,0,0.00-0.25,350
2009-08-12,Hold,0,0.00-0.25,350
2009-06-24,Hold,0,0.00-0.25,350
2009-04-29,Hold,0,0.00-0.25,350
2009-03-18,Hold,0,0.00-0.25,350
2009-01-28,Hold,0,0.00-0.25,350
2008-12-16,Cut,-75,0.00-0.25,275
2008-10-29,Cut,-50,1.00,225
2008-10-08,Cut,-50,1.50,175
2008-09-16,Hold,0,2.00,175
2008-08-05,Hold,0,2.00,175
2008-06-25,Hold,0,2.00,175
2008-04-30,Cut,-25,2.00,150
2008-03-18,Cut,-75,2.25,75
2008-01-30,Cut,-50,3.00,25
2008-01-22,Cut,-75,3.50,-50
2007-12-11,Cut,-25,4.25,-75
2007-10-31,Cut,-25,4.50,-100
2007-09-18,Cut,-50,4.75,-150
2007-08-07,Hold,0,5.25,-150
2007-06-28,Hold,0,5.25,-150
2007-05-09,Hold,0,5.25,-150
2007-03-21,Hold,0,5.25,-150
2007-01-31,Hold,0,5.25,-150
2006-12-12,Hold,0,5.25,-150
2006-10-25,Hold,0,5.25,-150
2006-09-20,Hold,0,5.25,-150
2006-08-08,Hold,0,5.25,-150
2006-06-29,Hike,25,5.25,-125
2006-05-10,Hike,25,5.00,-100
2006-03-28,Hike,25,4.75,-75
2006-01-31,Hike,25,4.50,-50
2005-12-13,Hike,25,4.25,-25
2005-11-01,Hike,25,4.00,0
2005-09-20,Hike,25,3.75,25
2005-08-09,Hike,25,3.50,50
2005-06-30,Hike,25,3.25,75
2005-05-03,Hike,25,3.00,100
2005-03-22,Hike,25,2.75,125
2005-02-02,Hike,25,2.50,150
2004-12-14,Hike,25,2.25,175
2004-11-10,Hike,25,2.00,200
2004-09-21,Hike,25,1.75,225
2004-08-10,Hike,25,1.50,250
2004-06-30,Hike,25,1.25,275
2004-05-04,Hold,0,1.00,275
2004-03-16,Hold,0,1.00,275
2004-01-28,Hold,0,1.00,275
2003-12-09,Hold,0,1.00,275
2003-10-28,Hold,0,1.00,275
2003-09-16,Hold,0,1.00,275
2003-08-12,Hold,0,1.00,275
2003-06-25,Cut,-25,1.00,250
2003-05-06,Hold,0,1.25,250
2003-03-18,Hold,0,1.25,250
2003-01-29,Hold,0,1.25,250
